id,nom,email,ville,pays
1,Lucas Martin,lucas@gmail.com,Lyon,France
2,Emma Bernard,emma@gmail.com,Paris,France
3,Hugo Petit,hugo@gmail.com,Marseille,France
4,Chloe Robert,chloe@gmail.com,Toulouse,France
5,Leo Richard,leo@gmail.com,Nice,France
6,Manon Dubois,manon@gmail.com,Lille,France
7,Gabriel Moreau,gabriel@gmail.com,Bordeaux,France
8,Lina Simon,lina@gmail.com,Nantes,France
9,Arthur Laurent,arthur@gmail.com,Montpellier,France
10,Jade Michel,jade@gmail.com,Strasbourg,France
11,Nathan Garcia,nathan@gmail.com,Rennes,France
12,Lea David,lea@gmail.com,Reims,France
13,Adam Bertrand,adam@gmail.com,Toulon,France
14,Ines Roux,ines@gmail.com,Grenoble,France
15,Tom Vincent,tom@gmail.com,Dijon,France
16,Sarah Fournier,sarah@gmail.com,Angers,France
17,Noah Girard,noah@gmail.com,Brest,France
18,Louise Andre,louise@gmail.com,Le Havre,France
19,Ethan Mercier,ethan@gmail.com,Clermont-Ferrand,France
20,Camille Dupont,camille@gmail.com,Limoges,France
21,Malo Faure,malo@gmail.com,Perpignan,France
22,Julie Blanc,julie@gmail.com,Annecy,France
23,Mathis Gauthier,mathis@gmail.com,Metz,France
24,Anna Chevalier,anna@gmail.com,Besancon,France
25,Enzo Moulin,enzo@gmail.com,Orleans,France
26,Clara Robin,clara@gmail.com,Amiens,France
27,Louis Rousseau,louis@gmail.com,Caen,France
28,Laura Henry,laura@gmail.com,Poitiers,France
29,Rayan Masson,rayan@gmail.com,Avignon,France
30,Eva Noel,eva@gmail.com,La Rochelle,France
